type,sector,net_usable_area,net_area,n_rooms,n_bathroom,latitude,longitude,price
departamento,lo barnechea,165.0,190.0,4.0,4.0,-33.35896,-70.52296,54
departamento,nunoa,43.0,46.0,2.0,2.0,-33.45735,-70.62952,2600
departamento,las condes,280.0,280.0,3.0,3.0,-33.3805,-70.4964,23450
departamento,las condes,58.0,66.0,2.0,2.0,-33.40033,-70.50269,2703
casa,vitacura,529.0,5066.0,5.0,4.0,-33.3736,-70.5575,95000
casa,la reina,149.0,210.0,3.0,3.0,-33.454190000000004,-70.55866999999998,6972
departamento,vitacura,154.0,284.0,3.0,3.0,-33.37937,-70.57288,24995
casa,vitacura,280.0,680.0,3.0,3.0,-33.401959999999995,-70.59106,35000
casa,lo barnechea,250.0,900.0,4.0,3.0,-33.345,-70.524,27900
departamento,las condes,226.0,277.0,3.0,3.0,-33.411840000000005,-70.58745,23000
casa,las condes,300.0,850.0,6.0,5.0,-33.37917,-70.51703,33500
casa,las condes,610.0,5232.0,6.0,6.0,-33.3889,-70.51977,95000
departamento,vitacura,260.0,285.0,3.0,3.0,-33.3948,-70.5926,25900
departamento,las condes,290.0,200.0,4.0,3.0,-33.3826,-70.5068,29900
departamento,las condes,140.0,340.0,3.0,3.0,-33.41673,-70.58176999999998,21000
departamento,vitacura,168.0,228.0,3.0,2.0,-33.38708,-70.59175,17340
casa,la reina,113.0,120.0,4.0,4.0,-33.43987,-70.56656,6200
departamento,las condes,80.0,91.0,2.0,2.0,-33.416909999999994,-70.59016,11000
departamento,las condes,252.0,270.0,3.0,3.0,-33.4187,-70.5929,21950
departamento,vitacura,250.0,330.0,5.0,4.0,-33.3982,-70.5925,27500
departamento,las condes,269.19,332.0,5.0,5.0,-33.382459999999995,-70.50565,40000
departamento,vitacura,400.0,400.0,3.0,3.0,-33.4045,-70.5894,23800
departamento,vitacura,298.0,298.2,3.0,3.0,-33.402840000000005,-70.59947,35000
casa,lo barnechea,330.0,700.0,4.0,5.0,-33.3677,-70.5464,28500
departamento,vitacura,130.0,280.0,2.0,2.0,-33.3776,-70.5532,15990
casa,lo barnechea,621.0,2982.0,4.0,5.0,-33.3357,-70.52571999999998,58000
departamento,lo barnechea,275.0,1550.0,3.0,3.0,-33.35,-70.51666999999998,39000
departamento,las condes,80.0,95.0,2.0,2.0,-33.4007,-70.5716,14000
casa,las condes,680.0,3050.0,6.0,6.0,-33.3992,-70.5149,110000
casa,las condes,446.0,1478.0,4.0,4.0,-33.41941,-70.58391,80000
departamento,las condes,157.0,300.0,3.0,2.0,-33.41257,-70.59053,16500
casa,lo barnechea,400.0,2500.0,5.0,3.0,-33.3548,-70.5322,42000
departamento,las condes,244.0,295.0,3.0,3.0,-33.3812,-70.5035,25800
departamento,vitacura,140.0,410.0,4.0,3.0,-33.37937,-70.57288,18400
casa,lo barnechea,120.0,22000.0,4.0,3.0,-33.36158,-70.47774,28949
departamento,las condes,215.0,215.0,3.0,2.0,-33.4169,-70.6022,21540
departamento,nunoa,87.0,87.0,3.0,1.0,-33.44424,-70.57523,5439
departamento,vitacura,126.0,155.0,3.0,2.0,-33.39135,-70.55493,14990
departamento,las condes,80.0,90.0,2.0,2.0,-33.41672,-70.59049,10800
departamento,las condes,224.0,240.0,3.0,3.0,-33.3782,-70.5251,21000
departamento,providencia,63.0,77.0,2.0,2.0,-33.422290000000004,-70.62222,8900
departamento,las condes,90.0,125.0,2.0,2.0,-33.4007,-70.5716,12800
departamento,providencia,68.0,105.0,1.0,2.0,-33.432390000000005,-70.60181,8390
departamento,las condes,450.0,490.0,3.0,3.0,-33.4146,-70.59109000000002,35000
departamento,vitacura,320.0,450.0,5.0,4.0,-33.40605,-70.5966,17500
departamento,las condes,280.0,280.0,4.0,3.0,-33.4142,-70.5997,22000
departamento,las condes,226.0,373.0,3.0,4.0,-33.389309999999995,-70.52693000000002,31900
casa,las condes,500.0,3000.0,5.0,4.0,-33.386,-70.5181,60000
departamento,las condes,80.0,80.0,2.0,2.0,-33.4008,-70.5717,10500
departamento,las condes,352.0,352.0,4.0,3.0,-33.4195,-70.5883,20000
departamento,vitacura,670.0,670.0,3.0,3.0,-33.3686,-70.5436,50000
casa,lo barnechea,659.0,1894.0,5.0,5.0,-33.344,-70.4889,92000
casa,las condes,140.0,510.0,5.0,3.0,-33.3983,-70.565,28000
casa,las condes,400.0,840.0,4.0,3.0,-33.37578,-70.51368000000002,27782
departamento,providencia,136.0,160.0,3.0,3.0,-33.43277,-70.5917,16800
casa,nunoa,120.0,60.0,4.0,2.0,-33.46759,-70.61529,3080
departamento,nunoa,150.0,150.0,4.0,3.0,-33.4514,-70.5893,8850
departamento,lo barnechea,125.0,160.0,2.0,2.0,-33.3403,-70.5553,15000
departamento,providencia,106.0,150.0,2.0,2.0,-33.42888,-70.59349,11987
departamento,nunoa,125.0,142.0,3.0,2.0,-33.43713,-70.58149,10060
departamento,nunoa,40.0,48.0,1.0,1.0,-33.4375,-70.5789,4900
departamento,nunoa,58.0,60.0,2.0,2.0,-33.4557,-70.6302,2922
casa,vitacura,341.0,1968.0,4.0,4.0,-33.36678,-70.58012,55000
departamento,vitacura,185.0,233.0,3.0,4.0,-33.38193,-70.58986999999998,25000
departamento,lo barnechea,136.0,136.0,3.0,2.0,-33.3606,-70.5292,18900
departamento,vitacura,167.0,167.0,4.0,3.0,-33.3912,-70.5865,19673
departamento,vitacura,140.0,442.0,4.0,3.0,-33.38693,-70.54399000000002,20800
casa,las condes,168.0,366.0,4.0,3.0,-33.4291,-70.5649,22141
departamento,vitacura,191.0,543.0,3.0,4.0,-33.3977,-70.5752,33000
departamento,las condes,360.0,360.0,3.0,3.0,-33.4172,-70.5817,25000
departamento,nunoa,37.0,45.0,1.0,1.0,-33.446290000000005,-70.59931999999998,5000
departamento,vitacura,140.0,152.0,4.0,2.0,-33.3963,-70.5867,18398
casa,las condes,361.0,2000.0,4.0,4.0,-33.38055,-70.5252,44900
departamento,las condes,320.0,320.0,3.0,2.0,-33.4216,-70.5887,18000
casa,lo barnechea,200.0,200.0,3.0,2.0,-33.36981,-70.46141999999998,1100
departamento,las condes,310.0,378.0,3.0,3.0,-33.396,-70.5634,25000
departamento,las condes,364.0,449.0,3.0,3.0,-33.3854,-70.5198,49500
casa,lo barnechea,400.0,14100.0,4.0,3.0,-33.3538,-70.4719,45000
departamento,vitacura,99.0,107.0,4.0,3.0,-33.38649,-70.54087,6340
departamento,nunoa,58.0,58.0,2.0,2.0,-33.45496,-70.62917,3100
departamento,lo barnechea,113.0,220.0,3.0,2.0,-33.3516,-70.5175,14300
departamento,las condes,290.0,326.0,3.0,3.0,-33.3952,-70.5217,26500
casa,lo barnechea,250.0,8750.0,4.0,3.0,-33.3467,-70.4752,29000
departamento,vitacura,140.0,319.0,3.0,3.0,-33.3908,-70.5684,26550
departamento,las condes,285.0,40.0,4.0,3.0,-33.4164,-70.5121,21900
departamento,vitacura,246.0,300.0,5.0,4.0,-33.384840000000004,-70.57014000000001,14900
departamento,las condes,310.0,340.0,4.0,3.0,-33.419000000000004,-70.595,20200
departamento,las condes,360.0,420.0,4.0,3.0,-33.381820000000005,-70.51856,35000
departamento,vitacura,184.0,184.0,2.0,3.0,-33.37937,-70.57288,25000
departamento,las condes,91.0,91.0,2.0,2.0,-33.4089,-70.5473,10200
casa,las condes,140.0,1050.0,3.0,2.0,-33.4215,-70.5613,29400
casa,las condes,500.0,2080.0,5.0,4.0,-33.3912,-70.5216,47000
departamento,nunoa,120.0,128.0,4.0,3.0,-33.45117,-70.60249,9200
departamento,las condes,296.0,388.0,3.0,3.0,-33.3763,-70.5012,43683
departamento,las condes,129.0,312.0,3.0,2.0,-33.3893,-70.5006,18226
departamento,la reina,96.0,100.0,4.0,3.0,-33.44112,-70.55498,5759
departamento,vitacura,257.0,322.0,3.0,3.0,-33.37405,-70.57678,32000
departamento,lo barnechea,280.0,640.0,4.0,4.0,-33.34128,-70.5093,32085
departamento,nunoa,82.0,85.0,3.0,2.0,-33.4391,-70.5732,7773
casa,vitacura,170.0,400.0,5.0,2.0,-33.3799,-70.5532,18500
departamento,las condes,58.0,61.0,2.0,2.0,-33.4159,-70.5337,4347
casa,vitacura,330.0,840.0,4.0,3.0,-33.39542,-70.57776,38000
departamento,vitacura,173.0,201.0,3.0,2.0,-33.3924,-70.5593,17750
departamento,vitacura,218.0,286.0,3.0,3.0,-33.403,-70.5847,24000
departamento,las condes,190.0,190.0,5.0,3.0,-33.421170000000004,-70.50105,16500
casa,lo barnechea,657.0,2827.0,4.0,5.0,-33.32715,-70.53367,55000
departamento,nunoa,93.0,101.0,3.0,3.0,-33.45131,-70.61279,10000
casa,la reina,238.0,1250.0,6.0,4.0,-33.4495,-70.544,18700
casa,las condes,289.0,670.0,5.0,3.0,-33.3805,-70.5158,37900
casa,las condes,230.0,350.0,6.0,4.0,-33.42122,-70.5531,21900
casa,lo barnechea,710.0,2200.0,5.0,6.0,-33.346,-70.48839,87000
departamento,las condes,295.0,328.0,3.0,3.0,-33.4112,-70.5996,40000
departamento,las condes,75.0,90.0,2.0,1.0,-33.4008,-70.5717,10000
casa,las condes,88.0,250.0,3.0,1.0,-33.403890000000004,-70.55949,11990
departamento,vitacura,317.0,317.0,2.0,2.0,-33.3707,-70.5811,28500
departamento,las condes,170.0,212.0,3.0,3.0,-33.3785,-70.49435,57
casa,vitacura,300.0,1000.0,4.0,3.0,-33.37555,-70.57451,32000
casa,lo barnechea,472.0,1873.0,4.0,3.0,-33.3523,-70.514,80000
departamento,las condes,270.0,270.0,4.0,3.0,-33.424,-70.5785,19200
departamento,las condes,270.0,270.0,4.0,3.0,-33.4118,-70.5876,21500
departamento,las condes,114.0,200.0,2.0,2.0,-33.4058,-70.5674,19273
casa,las condes,365.0,570.0,5.0,4.0,-33.39392,-70.51994,39500
departamento,vitacura,124.0,277.0,2.0,2.0,-33.3771,-70.5516,15900
departamento,las condes,340.0,340.0,4.0,3.0,-33.41704,-70.58641,21900
departamento,las condes,200.0,200.0,5.0,4.0,-33.4165,-70.5853,19000
casa,lo barnechea,600.0,2500.0,5.0,4.0,-33.34853,-70.52128,110000
departamento,las condes,232.0,282.0,3.0,2.0,-33.4062,-70.587,21450
departamento,nunoa,90.0,101.0,3.0,2.0,-33.4501,-70.60300000000002,9130
casa,las condes,245.0,900.0,3.0,3.0,-33.4233,-70.5873,34900
casa,vitacura,232.0,331.0,6.0,4.0,-33.4028,-70.5952,59900
departamento,las condes,244.0,334.0,3.0,3.0,-33.421170000000004,-70.50105,33000
departamento,nunoa,59.0,69.0,1.0,1.0,-33.4571,-70.5899,6190
departamento,lo barnechea,235.0,312.0,3.0,3.0,-33.3375,-70.4987,27740
departamento,las condes,205.0,258.0,5.0,4.0,-33.3938,-70.5564,18990
departamento,providencia,152.0,152.0,3.0,3.0,-33.43275,-70.59633000000001,16000
departamento,las condes,279.0,299.0,4.0,3.0,-33.3774,-70.5251,23000
departamento,nunoa,44.0,46.0,2.0,2.0,-33.4571,-70.6296,2400
departamento,vitacura,204.0,286.0,3.0,3.0,-33.4061,-70.5945,24000
departamento,las condes,444.0,832.0,3.0,3.0,-33.3763,-70.5012,65674
departamento,nunoa,80.0,85.0,3.0,2.0,-33.4483,-70.6024,7800
departamento,providencia,140.0,200.0,3.0,3.0,-33.4312,-70.6062,16500
departamento,las condes,129.0,269.0,3.0,2.0,-33.43031,-70.57204,16990
departamento,las condes,92.0,235.0,2.0,2.0,-33.3894,-70.5001,13471
casa,las condes,500.0,1000.0,6.0,6.0,-33.39947,-70.50131999999998,48000
departamento,nunoa,82.0,92.0,3.0,2.0,-33.43541,-70.58213,7950
departamento,las condes,22.0,22.0,1.0,1.0,-33.4153,-70.5856,2598
casa,las condes,110.0,160.0,3.0,1.0,-33.41593,-70.57515,13500
casa,la reina,140.0,1800.0,3.0,2.0,-33.43463,-70.52946999999998,32400
departamento,las condes,245.0,320.0,4.0,3.0,-33.4291,-70.5686,23000
departamento,las condes,300.0,400.0,3.0,3.0,-33.41404,-70.5927,39000
casa,lo barnechea,239.0,1400.0,4.0,4.0,-33.33959,-70.53707,32000
casa,vitacura,147.0,349.0,4.0,2.0,-33.38448,-70.57683,19500
casa,la reina,230.0,2024.0,6.0,4.0,-33.44183,-70.55011999999998,34000
departamento,vitacura,260.0,300.0,3.0,4.0,-33.40558,-70.59553000000002,50
casa,lo barnechea,385.0,1400.0,3.0,3.0,-33.34138,-70.53582,42000
casa,lo barnechea,230.0,1048.0,4.0,3.0,-33.35909,-70.53044,27500
departamento,lo barnechea,140.0,140.0,3.0,3.0,-33.3566,-70.51899999999998,23500
departamento,las condes,104.0,134.0,2.0,2.0,-33.4139,-70.59838,18078
departamento,vitacura,143.0,473.0,3.0,4.0,-33.3977,-70.5752,32000
departamento,las condes,119.0,30.0,3.0,2.0,-33.3913,-70.4987,18961
casa,las condes,409.0,575.0,6.0,4.0,-33.40085,-70.51653,19900
departamento,las condes,310.0,310.0,3.0,3.0,-33.3805,-70.4964,32900
departamento,vitacura,65.0,85.0,2.0,1.0,-33.41233,-70.60328,4636
casa,lo barnechea,347.0,1714.0,5.0,3.0,-33.35134,-70.52237,54900
casa,las condes,170.0,1000.0,4.0,2.0,-33.3863,-70.5334,35500
casa,vitacura,230.0,420.0,6.0,4.0,-33.38863,-70.58695,38000
departamento,providencia,31.0,34.0,1.0,1.0,-33.4338,-70.6364,2525
departamento,vitacura,233.0,263.0,4.0,4.0,-33.3813,-70.589,25500
departamento,las condes,78.0,78.0,3.0,1.0,-33.41888,-70.53049,3245
departamento,vitacura,240.0,422.0,3.0,3.0,-33.3781,-70.5579,29898
departamento,las condes,145.0,170.0,3.0,3.0,-33.40606,-70.58706,52
departamento,las condes,300.0,300.0,4.0,3.0,-33.421170000000004,-70.50105,32000
casa,la reina,275.0,1343.0,4.0,3.0,-33.43231,-70.52964,27207
departamento,providencia,140.0,215.0,4.0,2.0,-33.42602,-70.59713,18000
departamento,vitacura,540.0,540.0,5.0,5.0,-33.4065,-70.5952,29800
casa,providencia,201.0,183.0,6.0,4.0,-33.44464,-70.6354,11866
casa,lo barnechea,520.0,1200.0,6.0,6.0,-33.3244,-70.5353,45000
casa,vitacura,310.0,1280.0,4.0,3.0,-33.39232,-70.58551999999997,40000
casa,vitacura,301.0,1001.0,4.0,3.0,-33.3686,-70.5712,32000
departamento,vitacura,140.0,140.0,4.0,3.0,-33.38862,-70.58949,17000
departamento,vitacura,140.0,260.0,4.0,3.0,-33.39475,-70.57838000000001,16990
departamento,las condes,170.0,170.0,4.0,3.0,-33.3762,-70.5055,18500
casa,providencia,148.0,300.0,5.0,3.0,-33.44729,-70.62557,11556
casa,las condes,290.0,600.0,6.0,5.0,-33.411,-70.54542,36000
departamento,las condes,170.0,170.0,4.0,2.0,-33.418009999999995,-70.59141,68
casa,vitacura,347.0,759.0,7.0,5.0,-33.400240000000004,-70.58286,25000
departamento,lo barnechea,176.0,288.0,3.0,3.0,-33.356,-70.5184,23000
casa,lo barnechea,320.0,1200.0,4.0,4.0,-33.3504,-70.5123,64
casa,lo barnechea,440.0,1245.0,5.0,5.0,-33.321220000000004,-70.54283000000001,47000
casa,lo barnechea,350.0,830.0,5.0,6.0,-33.337,-70.5458,39800
casa,las condes,550.0,5230.0,5.0,5.0,-33.389590000000005,-70.52033,95000
departamento,vitacura,145.0,333.0,4.0,3.0,-33.37937,-70.57288,23950
departamento,nunoa,88.0,97.0,3.0,2.0,-33.452940000000005,-70.60473,7750
casa,lo barnechea,251.0,1008.0,5.0,4.0,-33.35092,-70.51009,37000
departamento,las condes,140.0,150.0,3.0,2.0,-33.4106,-70.5876,16950
casa,las condes,800.0,2850.0,5.0,5.0,-33.37959,-70.52324,102000
departamento,las condes,190.0,200.0,3.0,2.0,-33.4152,-70.5978,16500
departamento,providencia,114.0,194.0,3.0,2.0,-33.4261,-70.6034,17500
departamento,las condes,255.0,255.0,3.0,2.0,-33.4185,-70.5925,20000
departamento,las condes,418.0,418.0,3.0,3.0,-33.3823,-70.5164,28900
casa,la reina,118.0,827.0,4.0,2.0,-33.4415,-70.5602,17000
departamento,las condes,140.0,120.0,3.0,3.0,-33.4182,-70.5977,11
casa,la reina,170.0,3000.0,4.0,5.0,-33.45264,-70.52028,24500
departamento,vitacura,380.0,400.0,4.0,3.0,-33.37937,-70.57288,24000
departamento,vitacura,284.0,316.0,3.0,3.0,-33.3924,-70.5933,29400
departamento,vitacura,250.0,800.0,3.0,3.0,-33.36687,-70.54547,38000
departamento,lo barnechea,140.0,190.0,2.0,2.0,-33.36574,-70.52018000000002,15800
casa,nunoa,174.0,502.0,4.0,2.0,-33.44552,-70.58964,17850
departamento,las condes,300.0,440.0,3.0,3.0,-33.4134,-70.5927,38000
casa,providencia,140.0,400.0,5.0,3.0,-33.4439,-70.6144,35000
casa,las condes,191.0,872.0,3.0,3.0,-33.4029,-70.5452,26500
casa,las condes,400.0,2700.0,4.0,4.0,-33.3993,-70.5246,48000
departamento,lo barnechea,192.0,354.0,2.0,2.0,-33.3814,-70.5718,26500
departamento,vitacura,280.0,550.0,3.0,3.0,-33.37937,-70.57288,45000
departamento,las condes,200.0,220.0,4.0,3.0,-33.4148,-70.5887,19200
departamento,lo barnechea,260.0,260.0,4.0,4.0,-33.3423,-70.5624,32000
casa,vitacura,238.0,350.0,3.0,2.0,-33.398,-70.6002,90000
casa,vitacura,105.0,520.0,4.0,2.0,-33.39393,-70.56789,22200
departamento,las condes,380.0,380.0,4.0,3.0,-33.37978,-70.52313000000001,29000
departamento,providencia,260.0,284.0,3.0,3.0,-33.4226,-70.6005,18500
departamento,vitacura,140.0,240.0,3.0,2.0,-33.3944,-70.5929,25000
casa,las condes,165.0,355.0,3.0,3.0,-33.41519,-70.5819,22000
casa,nunoa,220.0,495.0,4.0,2.0,-33.4698,-70.59928000000002,8765
departamento,lo barnechea,306.0,306.0,3.0,3.0,-33.3329,-70.5096,25000
casa,vitacura,305.0,928.0,4.0,3.0,-33.391659999999995,-70.58516999999998,47800
casa,lo barnechea,300.0,1300.0,5.0,3.0,-33.35,-70.51666999999998,66
casa,nunoa,130.0,300.0,4.0,3.0,-33.45067,-70.60566999999998,12900
departamento,providencia,84.0,84.0,4.0,2.0,-33.4293,-70.6259,10454
casa,las condes,200.0,630.0,4.0,2.0,-33.423,-70.58606999999998,29000
departamento,vitacura,185.0,335.0,3.0,3.0,-33.3959,-70.5897,26500
casa,las condes,350.0,890.0,4.0,6.0,-33.39933,-70.52136999999998,34000
casa,las condes,140.0,888.0,3.0,3.0,-33.4116,-70.5709,30855
casa,lo barnechea,656.0,1950.0,5.0,4.0,-33.3633,-70.5429,92000
departamento,vitacura,340.0,340.0,2.0,2.0,-33.3756,-70.5446,36000
casa,vitacura,320.0,1080.0,4.0,3.0,-33.38974,-70.58408,46900
casa,nunoa,180.0,530.0,5.0,4.0,-33.438559999999995,-70.57914,19000
departamento,vitacura,253.0,273.0,3.0,3.0,-33.37225,-70.57096,31000
casa,vitacura,550.0,2750.0,4.0,5.0,-33.3719,-70.5648,70000
departamento,nunoa,95.0,110.0,3.0,2.0,-33.4597,-70.58057,4100
departamento,las condes,280.0,310.0,3.0,3.0,-33.41474,-70.59852,23000
casa,la reina,157.0,227.0,6.0,4.0,-33.43581,-70.55938,9500
casa,lo barnechea,240.0,900.0,4.0,4.0,-33.33976,-70.52588,29500
casa,lo barnechea,265.0,1478.0,6.0,5.0,-33.34499,-70.5219,44000
departamento,lo barnechea,286.0,509.0,3.0,3.0,-33.3551,-70.5437,42000
departamento,vitacura,110.0,168.0,2.0,2.0,-33.37937,-70.57288,18900
departamento,nunoa,60.0,61.0,2.0,2.0,-33.45783,-70.59872,6689
departamento,nunoa,110.0,110.0,3.0,2.0,-33.45783,-70.59872,5103
casa,nunoa,120.0,60.0,4.0,2.0,-33.4674,-70.6154,3078
departamento,las condes,370.0,370.0,3.0,3.0,-33.382,-70.5156,28000
departamento,las condes,252.0,270.0,3.0,3.0,-33.4183,-70.5901,21950
casa,las condes,500.0,3683.0,5.0,4.0,-33.3943,-70.5306,120000
departamento,nunoa,60.0,60.0,2.0,2.0,-33.47292,-70.59897,3065
casa,las condes,143.0,1263.0,3.0,3.0,-33.4033,-70.5353,54000
casa,las condes,485.0,900.0,5.0,4.0,-33.4025,-70.53399999999998,49490
departamento,las condes,89.0,215.0,2.0,2.0,-33.43407,-70.59993,13350
departamento,providencia,89.0,89.0,2.0,2.0,-33.43235,-70.59238,9990
casa,las condes,400.0,2503.0,5.0,6.0,-33.3723,-70.5092,52000
departamento,las condes,85.0,160.0,2.0,2.0,-33.371970000000005,-70.51534000000001,10500
casa,las condes,165.0,395.0,4.0,2.0,-33.421170000000004,-70.50105,32530
departamento,las condes,227.0,249.0,3.0,3.0,-33.421170000000004,-70.50105,21600
departamento,las condes,124.0,277.0,2.0,2.0,-33.378370000000004,-70.55214000000002,19000
departamento,providencia,75.0,80.0,2.0,2.0,-33.4398,-70.6336,3915
departamento,las condes,259.0,283.0,4.0,3.0,-33.3901,-70.5479,20000
casa,lo barnechea,580.0,1600.0,7.0,7.0,-33.3372,-70.5552,65000
departamento,las condes,342.0,342.0,3.0,3.0,-33.3864,-70.5265,33000
casa,lo barnechea,410.0,1000.0,5.0,3.0,-33.323,-70.545,50000
casa,lo barnechea,310.0,580.0,6.0,6.0,-33.34487,-70.47103,15900
departamento,las condes,317.0,317.0,3.0,3.0,-33.4116,-70.5956,23500
departamento,las condes,330.0,350.0,3.0,2.0,-33.417,-70.5864,23500
departamento,las condes,280.0,300.0,3.0,2.0,-33.4165,-70.5867,18500
departamento,nunoa,100.0,115.0,4.0,3.0,-33.45783,-70.59872,10000
departamento,las condes,200.0,500.0,4.0,3.0,-33.4271,-70.5877,18500
departamento,las condes,280.0,280.0,4.0,3.0,-33.4143,-70.5991,21000
casa,la reina,140.0,667.0,3.0,2.0,-33.45917,-70.53352,15500
departamento,providencia,107.0,123.0,3.0,2.0,-33.434,-70.6061,12036
casa,nunoa,220.0,318.0,4.0,2.0,-33.4578,-70.6183,16324
casa,nunoa,130.0,448.0,3.0,3.0,-33.4507,-70.5838,19000
departamento,providencia,166.0,166.0,4.0,3.0,-33.4285,-70.5908,17331
casa,las condes,263.0,665.0,3.0,2.0,-33.421170000000004,-70.50105,34000
casa,providencia,82.0,100.0,4.0,3.0,-33.44643,-70.61564,8500
departamento,providencia,180.0,210.0,3.0,2.0,-33.4228,-70.6022,15650
casa,las condes,457.0,1988.0,5.0,4.0,-33.40353,-70.52848,70000
departamento,vitacura,280.0,280.0,3.0,4.0,-33.38193,-70.58989,50000
casa,lo barnechea,580.0,2000.0,6.0,6.0,-33.34538,-70.49335,56000
departamento,lo barnechea,180.0,180.0,4.0,3.0,-33.3508,-70.5465,18000
casa,lo barnechea,207.0,1532.0,4.0,3.0,-33.3429,-70.5251,30990
departamento,vitacura,204.0,245.0,3.0,3.0,-33.3738,-70.5421,24000
departamento,lo barnechea,193.0,231.0,4.0,3.0,-33.3206,-70.5542,19850
departamento,las condes,277.0,367.0,4.0,3.0,-33.3848,-70.5194,34500
departamento,nunoa,90.0,90.0,3.0,1.0,-33.4483,-70.59132,5750
casa,lo barnechea,380.0,1100.0,7.0,5.0,-33.3366,-70.5359,45000
departamento,vitacura,274.0,340.0,3.0,3.0,-33.37937,-70.57288,23750
departamento,las condes,266.0,326.0,4.0,3.0,-33.41359,-70.58912,24000
departamento,las condes,220.0,229.0,3.0,3.0,-33.41153,-70.59185,22700
departamento,las condes,230.0,245.0,3.0,3.0,-33.41192,-70.59005,21500
casa,la reina,256.0,256.0,4.0,4.0,-33.4615,-70.5504,9100
casa,lo barnechea,180.0,2700.0,3.0,2.0,-33.3585,-70.5064,40000
departamento,las condes,326.0,346.0,3.0,3.0,-33.417,-70.5864,21900
departamento,nunoa,33.02,39.05,1.0,1.0,-33.452459999999995,-70.62867,560
departamento,las condes,140.0,140.0,3.0,2.0,-33.41429,-70.59489,17500
departamento,providencia,112.0,122.0,3.0,3.0,-33.4299,-70.5977,16300
departamento,las condes,291.0,330.0,4.0,3.0,-33.4179,-70.5073,22000
departamento,providencia,89.0,124.0,3.0,2.0,-33.4397,-70.589,11024
casa,las condes,340.0,800.0,5.0,3.0,-33.4161,-70.5601,73579
departamento,las condes,350.0,370.0,3.0,3.0,-33.416,-70.5869,23500
casa,las condes,400.0,2800.0,4.0,4.0,-33.39734,-70.52257,50000
departamento,nunoa,64.0,81.0,2.0,2.0,-33.4412,-70.5731,6650
departamento,las condes,252.0,282.0,4.0,3.0,-33.421170000000004,-70.50105,21000
departamento,las condes,250.0,300.0,3.0,3.0,-33.4125,-70.58454,26000
departamento,las condes,300.0,300.0,3.0,3.0,-33.3828,-70.5183,27500
departamento,lo barnechea,232.0,430.0,5.0,4.0,-33.3164,-70.5624,22000
casa,vitacura,370.0,5000.0,5.0,4.0,-33.37339,-70.56229,99000
casa,la reina,170.0,953.68,4.0,2.0,-33.44004,-70.53607,24379
departamento,providencia,34.0,42.0,1.0,1.0,-33.42255,-70.62245,5300
departamento,las condes,140.0,280.0,5.0,4.0,-33.41915,-70.56737,18700
casa,vitacura,272.0,1455.0,6.0,4.0,-33.39243,-70.58116,53000
casa,vitacura,530.0,5000.0,5.0,5.0,-33.3705,-70.5567,95000
departamento,lo barnechea,410.0,520.0,3.0,4.0,-33.3686,-70.5437,31500
casa,vitacura,400.0,4380.0,4.0,4.0,-33.37357,-70.56466,68000
casa,las condes,134.0,400.0,3.0,2.0,-33.421170000000004,-70.50105,27000
casa,lo barnechea,223.0,10000.0,3.0,3.0,-33.3451,-70.4764,29825
departamento,providencia,65.0,65.0,3.0,1.0,-33.4394,-70.6132,5240
casa,lo barnechea,240.0,900.0,4.0,4.0,-33.32931,-70.52946999999998,29500
departamento,las condes,83.0,179.0,2.0,2.0,-33.4209,-70.5769,11490
departamento,las condes,310.0,310.0,4.0,5.0,-33.3837,-70.5155,36000
departamento,providencia,52.0,55.0,1.0,2.0,-33.41997,-70.60213,5441
casa,lo barnechea,220.0,3858.0,4.0,2.0,-33.3616,-70.5026,55940
casa,la reina,95.0,135.0,3.0,2.0,-33.45,-70.55,2720
departamento,las condes,120.0,280.0,3.0,3.0,-33.4167,-70.5819,21000
departamento,las condes,300.0,400.0,3.0,2.0,-33.37848,-70.51482,28000
departamento,las condes,138.0,138.0,3.0,2.0,-33.41734,-70.59025,17000
departamento,las condes,270.0,270.0,4.0,3.0,-33.42126,-70.57628000000003,19200
departamento,las condes,281.48,330.23,3.0,3.0,-33.38055,-70.51680999999998,24900
departamento,las condes,180.0,200.0,4.0,4.0,-33.412490000000005,-70.59179,23500
departamento,las condes,214.0,256.0,4.0,3.0,-33.4108,-70.5053,18800
departamento,las condes,413.0,449.0,4.0,3.0,-33.381,-70.5221,39500
casa,vitacura,242.0,638.0,6.0,3.0,-33.3851,-70.5658,21000
departamento,vitacura,270.0,290.0,3.0,3.0,-33.37307,-70.57096,26800
casa,las condes,180.0,700.0,4.0,3.0,-33.4264,-70.5806,21000
casa,providencia,182.0,344.0,3.0,3.0,-33.43992,-70.58801,18200
departamento,vitacura,76.0,81.0,2.0,1.0,-33.3851,-70.5392,7200
casa,las condes,400.0,2700.0,4.0,4.0,-33.39732,-70.52278000000003,47000
casa,vitacura,340.0,1110.0,4.0,4.0,-33.38842,-70.58216999999998,47500
departamento,las condes,240.0,285.0,4.0,3.0,-33.40943,-70.5883,22000
departamento,las condes,25.0,25.0,1.0,1.0,-33.4162,-70.5855,2621
departamento,las condes,135.0,285.0,3.0,2.0,-33.431,-70.57019,16800
departamento,las condes,75.0,99.0,2.0,2.0,-33.4007,-70.5716,12000
departamento,vitacura,267.0,267.0,4.0,4.0,-33.38115,-70.58884,40900
departamento,las condes,303.0,434.0,4.0,3.0,-33.421170000000004,-70.50105,45200
casa,lo barnechea,225.0,1000.0,5.0,3.0,-33.3437,-70.54576999999998,60000
departamento,vitacura,300.0,345.0,3.0,3.0,-33.3963,-70.5886,34000
departamento,las condes,140.0,250.0,4.0,4.0,-33.4014,-70.5629,18500
departamento,las condes,226.0,373.0,3.0,4.0,-33.421170000000004,-70.50105,31000
departamento,nunoa,71.0,84.0,2.0,2.0,-33.4564,-70.5947,7500
casa,lo barnechea,540.0,1546.0,7.0,7.0,-33.34197,-70.50366,26000
departamento,nunoa,58.0,58.0,2.0,2.0,-33.4691,-70.6005,2900
casa,las condes,595.0,1657.0,5.0,6.0,-33.3889,-70.5228,29000
departamento,las condes,265.0,265.0,4.0,3.0,-33.4117,-70.5939,20675
departamento,providencia,140.0,185.0,4.0,3.0,-33.43036,-70.59698,12500
casa,lo barnechea,376.0,1202.0,5.0,3.0,-33.36742,-70.55875,42000
departamento,providencia,100.0,120.0,2.0,2.0,-33.43503,-70.59565,12500
casa,las condes,140.0,798.0,4.0,3.0,-33.4292,-70.5697,25000
casa,vitacura,276.0,1003.0,3.0,3.0,-33.3681,-70.577,40000
departamento,nunoa,70.0,78.5,2.0,2.0,-33.468309999999995,-70.60033,3267
departamento,nunoa,80.0,80.0,3.0,2.0,-33.45381,-70.60953,3627
casa,lo barnechea,120.0,22000.0,3.0,3.0,-33.3605,-70.4732,28887
departamento,nunoa,38.92,43.82,1.0,1.0,-33.44768,-70.60086,4868
departamento,vitacura,240.0,270.0,3.0,3.0,-33.36862,-70.57129,30800
departamento,vitacura,136.0,173.0,2.0,2.0,-33.3975,-70.5907,21849
casa,lo barnechea,300.0,1800.0,4.0,4.0,-33.3521,-70.5234,30
casa,las condes,210.0,329.0,6.0,3.0,-33.4193,-70.5356,9360
casa,lo barnechea,500.0,1450.0,5.0,5.0,-33.341,-70.56064,47000
departamento,las condes,216.0,266.0,3.0,4.0,-33.4123,-70.5874,24990
departamento,vitacura,180.0,430.0,3.0,3.0,-33.39676,-70.58823000000001,23900
departamento,las condes,294.0,339.0,4.0,3.0,-33.4164,-70.507,19500
departamento,providencia,106.0,120.0,3.0,2.0,-33.434,-70.6061,11557
departamento,las condes,77.05,88.45,2.0,2.0,-33.37137,-70.51326999999998,10167
departamento,lo barnechea,200.0,200.0,3.0,3.0,-33.3428,-70.5473,27000
departamento,las condes,220.0,300.0,3.0,3.0,-33.4127,-70.5921,22400
departamento,providencia,104.0,115.0,3.0,2.0,-33.4368,-70.6053,10880
departamento,las condes,230.0,280.0,3.0,3.0,-33.3737,-70.5135,22500
casa,lo barnechea,220.0,2000.0,4.0,3.0,-33.35,-70.51666999999998,40000
casa,vitacura,310.0,610.0,3.0,3.0,-33.36976,-70.58363,27000
casa,la reina,400.0,5000.0,5.0,4.0,-33.4554,-70.5223,35000
casa,vitacura,267.0,937.0,5.0,3.0,-33.37937,-70.57288,45000
casa,nunoa,110.0,300.0,4.0,2.0,-33.45799,-70.60604000000002,27824
casa,providencia,180.0,315.0,4.0,2.0,-33.41727,-70.61818000000001,20500
departamento,lo barnechea,231.0,308.0,3.0,3.0,-33.3488,-70.5149,28629
departamento,vitacura,267.0,267.0,4.0,5.0,-33.37763,-70.56219,40900
departamento,las condes,40.0,90.0,1.0,1.0,-33.4017,-70.5566,7350
departamento,lo barnechea,300.0,300.2,3.0,3.0,-33.35905,-70.51510999999998,26000
departamento,vitacura,310.0,390.0,3.0,3.0,-33.3736,-70.5435,35000
departamento,vitacura,210.0,210.0,2.0,2.0,-33.3764,-70.5526,16000
departamento,las condes,200.0,260.0,3.0,4.0,-33.421170000000004,-70.50105,22500
casa,las condes,594.0,2700.0,4.0,5.0,-33.398,-70.5192,110000
departamento,las condes,234.0,234.0,3.0,2.0,-33.3667,-70.525,29500
casa,lo barnechea,240.0,700.0,5.0,6.0,-33.3375,-70.5299,20000
casa,las condes,140.0,400.0,5.0,2.0,-33.40365,-70.56413,25000
casa,las condes,400.0,5000.0,4.0,4.0,-33.37689,-70.50098,75000
departamento,providencia,67.0,77.0,2.0,1.0,-33.4262,-70.6034,6500
departamento,las condes,240.0,300.0,4.0,3.0,-33.38092,-70.51109,25800
casa,vitacura,341.0,2000.0,4.0,4.0,-33.36739,-70.58159,55000
departamento,vitacura,338.0,338.0,3.0,3.0,-33.3735,-70.5499,26500
casa,lo barnechea,621.0,2982.0,5.0,5.0,-33.3356,-70.5257,58000
departamento,providencia,131.0,169.0,4.0,3.0,-33.4393,-70.5893,17023
casa,lo barnechea,600.0,5000.0,6.0,4.0,-33.36713,-70.5266,60000
casa,lo barnechea,260.0,830.0,4.0,3.0,-33.3366,-70.5489,28000
casa,nunoa,138.0,495.0,4.0,3.0,-33.45462,-70.57251,19960
departamento,vitacura,250.0,280.0,3.0,3.0,-33.38878,-70.5902,26000
departamento,providencia,124.0,144.0,4.0,3.0,-33.4434,-70.6032,14300
casa,lo barnechea,400.0,1710.0,4.0,4.0,-33.3474,-70.5117,48000
departamento,las condes,70.0,70.0,2.0,2.0,-33.3996,-70.5536,10900
casa,lo barnechea,320.0,1667.0,4.0,4.0,-33.3402,-70.5067,60000
departamento,las condes,244.0,396.0,2.0,3.0,-33.41272,-70.5947,28000
casa,vitacura,417.0,997.0,4.0,3.0,-33.3954,-70.5943,85000
casa,la reina,81.0,135.0,4.0,2.0,-33.45508,-70.53562,2257
departamento,vitacura,317.0,367.0,5.0,4.0,-33.3945,-70.5945,37000
departamento,la reina,83.0,177.0,3.0,2.0,-33.45218,-70.55898,7945
departamento,lo barnechea,235.0,312.0,3.0,3.0,-33.3404,-70.50399999999998,29033
departamento,nunoa,72.0,72.0,3.0,2.0,-33.4488,-70.5964,6000
departamento,las condes,290.0,325.0,3.0,3.0,-33.421170000000004,-70.50105,26500
departamento,las condes,370.0,395.0,3.0,3.0,-33.3921,-70.4979,32000
casa,la reina,240.0,1800.0,5.0,4.0,-33.44041,-70.54304,36400
departamento,las condes,226.0,373.0,3.0,3.0,-33.3892,-70.5268,31000
casa,lo barnechea,380.0,1480.0,5.0,6.0,-33.35,-70.51666999999998,21850
casa,lo barnechea,350.0,5000.0,3.0,3.0,-33.3386,-70.4722,16500
departamento,vitacura,220.0,240.0,4.0,5.0,-33.3973,-70.5757,23000
casa,lo barnechea,295.0,913.0,6.0,4.0,-33.3261,-70.5439,36000
departamento,la reina,92.0,92.0,3.0,2.0,-33.45495,-70.56882,9733
casa,vitacura,184.0,373.0,3.0,2.0,-33.37948,-70.54483,13637
departamento,las condes,215.0,325.0,3.0,2.0,-33.3913,-70.4988,19650
casa,la reina,173.0,980.0,4.0,3.0,-33.45,-70.55,21184
departamento,nunoa,72.0,84.5,3.0,2.0,-33.46293,-70.60036,6000
departamento,vitacura,142.0,386.0,4.0,4.0,-33.3932,-70.5885,27008
departamento,vitacura,300.0,300.0,5.0,5.0,-33.37167,-70.5778,30800
departamento,nunoa,100.0,117.0,3.0,2.0,-33.43516,-70.58216,8900
departamento,las condes,320.0,320.0,3.0,3.0,-33.3818,-70.5255,26000
departamento,las condes,245.26,343.56,3.0,3.0,-33.38913,-70.52686,33700
departamento,las condes,621.0,621.0,4.0,3.0,-33.3808,-70.5163,40000
departamento,las condes,230.0,270.0,3.0,3.0,-33.372820000000004,-70.5412,25000
departamento,vitacura,180.0,30.0,3.0,2.0,-33.3961,-70.5876,20500
casa,las condes,225.0,860.0,6.0,3.0,-33.40668,-70.51791,22000
departamento,vitacura,382.0,1455.0,5.0,4.0,-33.3923,-70.5812,53000
departamento,vitacura,175.0,205.0,2.0,2.0,-33.40123,-70.58645,18995
casa,las condes,480.0,1000.0,6.0,6.0,-33.37826,-70.52426,50000
departamento,vitacura,110.0,178.0,2.0,2.0,-33.3967,-70.5891,18500
departamento,nunoa,133.0,144.0,5.0,3.0,-33.45228,-70.63061,6730
casa,la reina,178.0,200.0,7.0,2.0,-33.4429,-70.5711,9430
departamento,nunoa,78.0,83.0,2.0,2.0,-33.46587,-70.62199,2916
departamento,las condes,140.0,350.0,3.0,2.0,-33.4165,-70.5821,23000
casa,lo barnechea,350.0,5500.0,4.0,3.0,-33.36926,-70.55455,66000
casa,las condes,380.0,980.0,5.0,3.0,-33.3724,-70.50199,32000
casa,la reina,200.0,4760.0,4.0,2.0,-33.4474,-70.518,28560
departamento,las condes,300.0,360.0,3.0,3.0,-33.382,-70.5023,26500
departamento,vitacura,350.0,350.0,3.0,3.0,-33.3963,-70.5879,32000
departamento,las condes,150.0,150.0,4.0,3.0,-33.39457,-70.54841,30000
departamento,vitacura,238.0,400.0,4.0,4.0,-33.3769,-70.5493,29900
casa,las condes,250.0,1000.0,5.0,4.0,-33.40724,-70.52213,27300
departamento,las condes,77.6,98.81,2.0,2.0,-33.399640000000005,-70.57164,13800
departamento,vitacura,188.0,220.0,4.0,4.0,-33.39307,-70.59375,22100
casa,las condes,143.0,1206.0,3.0,3.0,-33.4033,-70.5353,55000
casa,vitacura,190.0,730.0,3.0,3.0,-33.402,-70.5891,40000
departamento,las condes,265.0,277.0,3.0,2.0,-33.421170000000004,-70.50105,18800
casa,vitacura,290.0,1220.0,5.0,3.0,-33.39003,-70.58321,45000
departamento,vitacura,316.0,316.0,3.0,3.0,-33.3811,-70.5677,29500
departamento,vitacura,407.0,407.0,3.0,3.0,-33.3698,-70.5439,29000
departamento,las condes,298.0,358.0,3.0,3.0,-33.3812,-70.5035,29900
departamento,providencia,66.0,66.0,2.0,1.0,-33.4247,-70.6117,7237
departamento,vitacura,167.0,167.0,4.0,3.0,-33.3932,-70.5885,20818
departamento,las condes,340.0,340.0,3.0,3.0,-33.40033,-70.50269,21900
departamento,vitacura,108.0,21619.0,3.0,2.0,-33.3941,-70.5896,14400
departamento,nunoa,100.0,100.0,3.0,2.0,-33.46107,-70.62234000000002,3796
departamento,providencia,153.0,183.0,3.0,2.0,-33.4279,-70.6023,16500
departamento,lo barnechea,190.0,210.0,4.0,3.0,-33.3646,-70.5228,18500
casa,las condes,170.0,404.0,5.0,4.0,-33.39437,-70.5484,32000
casa,la reina,242.0,1350.0,5.0,3.0,-33.4334,-70.5283,29262
casa,las condes,265.0,850.0,4.0,5.0,-33.3781,-70.4956,34990
departamento,providencia,213.0,213.0,4.0,3.0,-33.44068,-70.60695,9634
departamento,lo barnechea,376.0,376.0,4.0,4.0,-33.3371,-70.5375,35000
departamento,vitacura,145.0,383.0,3.0,3.0,-33.38722,-70.544,79
departamento,vitacura,366.0,366.0,3.0,3.0,-33.3727,-70.5788,36000
departamento,lo barnechea,180.0,200.0,2.0,2.0,-33.3533,-70.5459,15000
departamento,vitacura,565.0,890.0,5.0,5.0,-33.36358,-70.56016,65000
departamento,las condes,255.0,276.0,4.0,3.0,-33.3975,-70.568,19600
departamento,las condes,75.0,95.0,2.0,2.0,-33.4007,-70.5738,11000
departamento,lo barnechea,90.0,92.0,4.0,3.0,-33.36292,-70.51006,5622
casa,las condes,165.0,645.0,4.0,2.0,-33.41552,-70.55951999999998,22900
departamento,las condes,326.0,326.0,4.0,3.0,-33.41795,-70.58601999999998,20500
departamento,vitacura,304.0,440.0,3.0,3.0,-33.3732,-70.5555,33000
departamento,nunoa,85.0,150.0,3.0,2.0,-33.4495,-70.5913,8950
casa,la reina,100.0,900.0,3.0,1.0,-33.4611,-70.5704,13000
casa,la reina,160.0,120.0,5.0,5.0,-33.45301,-70.53631999999998,5441
departamento,nunoa,71.0,76.0,3.0,2.0,-33.45783,-70.59872,7400
departamento,las condes,300.0,300.0,4.0,3.0,-33.4132,-70.5986,22700
casa,lo barnechea,340.0,1300.0,5.0,3.0,-33.36587,-70.52678,108
departamento,las condes,216.0,260.0,3.0,3.0,-33.4121,-70.5039,21500
departamento,las condes,90.0,125.0,2.0,2.0,-33.40363,-70.5787,12800
casa,la reina,180.0,2000.0,6.0,3.0,-33.44538,-70.52003,24700
departamento,vitacura,123.0,277.0,2.0,2.0,-33.37634,-70.55103000000003,16500
departamento,las condes,72.0,152.0,2.0,2.0,-33.413070000000005,-70.58981999999997,11000
departamento,las condes,89.0,113.0,2.0,2.0,-33.4016,-70.5741,13800
casa,lo barnechea,521.0,1263.0,6.0,5.0,-33.33736,-70.56487,68500
departamento,vitacura,298.0,298.2,3.0,3.0,-33.402840000000005,-70.59947,34000
casa,lo barnechea,240.0,1406.0,5.0,4.0,-33.35267,-70.51852,96
casa,lo barnechea,390.0,1710.0,6.0,6.0,-33.347,-70.5111,48000
departamento,nunoa,78.0,90.0,3.0,2.0,-33.4571,-70.5899,8421
departamento,providencia,136.0,160.0,3.0,3.0,-33.4317,-70.59393,16800
departamento,providencia,140.0,180.0,4.0,3.0,-33.43163,-70.61208,12700
departamento,vitacura,108.0,167.0,2.0,2.0,-33.39822,-70.58951,18700
departamento,vitacura,234.0,260.0,4.0,4.0,-33.3813,-70.589,24990
departamento,nunoa,86.0,123.0,3.0,2.0,-33.4498,-70.5793,9750
departamento,vitacura,167.0,167.0,4.0,3.0,-33.3902,-70.5855,20135
casa,las condes,200.0,568.0,4.0,3.0,-33.40614,-70.56849,65320
casa,vitacura,242.0,638.0,6.0,3.0,-33.38507,-70.56579,19490
departamento,las condes,89.0,113.0,2.0,2.0,-33.40307,-70.57751,13500
departamento,lo barnechea,153.0,312.0,3.0,4.0,-33.3672,-70.5241,22900
departamento,nunoa,78.0,80.0,3.0,2.0,-33.45247,-70.62941,3075
casa,la reina,140.0,836.0,4.0,3.0,-33.44347,-70.54579,18341
departamento,las condes,258.0,316.0,3.0,3.0,-33.4129,-70.5954,24500
casa,vitacura,600.0,5050.0,5.0,6.0,-33.37358,-70.5528,100000
departamento,las condes,213.0,268.0,3.0,2.0,-33.40937,-70.57507,16500
casa,vitacura,186.0,416.0,5.0,3.0,-33.37937,-70.57288,30000
departamento,vitacura,230.0,257.0,3.0,3.0,-33.3937,-70.5971,45000
casa,vitacura,460.0,2000.0,5.0,4.0,-33.37763,-70.56219,87000
departamento,vitacura,786.0,1006.0,3.0,3.0,-33.3756,-70.5765,60000
departamento,nunoa,70.23,82.78,3.0,2.0,-33.4556,-70.59951,6000
departamento,providencia,67.0,77.0,2.0,1.0,-33.43163,-70.61208,6851
casa,vitacura,270.0,605.0,3.0,3.0,-33.38684,-70.57199,32000
casa,las condes,200.0,500.0,3.0,4.0,-33.41873,-70.57696999999997,25200
departamento,las condes,256.0,296.0,4.0,3.0,-33.4139,-70.5997,21000
casa,lo barnechea,140.0,250.0,3.0,4.0,-33.3384,-70.5019,12490
departamento,vitacura,350.0,350.0,3.0,3.0,-33.3961,-70.5868,33000
departamento,las condes,243.0,294.0,4.0,3.0,-33.374,-70.5135,24400
departamento,vitacura,272.0,332.0,3.0,3.0,-33.3736,-70.5426,36800
departamento,las condes,115.0,285.0,3.0,2.0,-33.3887,-70.5012,16479
departamento,las condes,340.0,400.0,3.0,3.0,-33.3808,-70.5163,30000
casa,providencia,240.0,700.0,6.0,4.0,-33.43841,-70.60453000000003,30000
departamento,las condes,216.0,216.0,4.0,3.0,-33.4174,-70.5877,18500
casa,vitacura,300.0,1040.0,4.0,3.0,-33.375890000000005,-70.56983000000001,49000
departamento,vitacura,384.0,438.0,3.0,3.0,-33.37937,-70.57288,38200
departamento,providencia,133.0,133.0,3.0,2.0,-33.44474,-70.62803000000001,21661
departamento,las condes,131.0,31.0,3.0,2.0,-33.3913,-70.4987,20048
casa,las condes,210.0,720.0,4.0,2.0,-33.3971,-70.561,46800
departamento,nunoa,70.0,84.0,3.0,2.0,-33.44875,-70.61267,7000
departamento,lo barnechea,235.0,312.0,3.0,3.0,-33.3372,-70.5002,25000
casa,la reina,250.0,560.0,6.0,3.0,-33.4306,-70.5587,20000
departamento,las condes,90.0,90.0,2.0,2.0,-33.388020000000004,-70.53962,3444
casa,las condes,361.0,1997.0,4.0,4.0,-33.3806,-70.5252,44900
casa,las condes,240.0,1397.0,5.0,4.0,-33.4012,-70.5246,32000
casa,lo barnechea,500.0,1400.0,7.0,5.0,-33.331340000000004,-70.52757,24000
departamento,vitacura,254.0,274.0,3.0,2.0,-33.4179,-70.5528,28500
casa,las condes,341.0,1206.0,5.0,3.0,-33.39745,-70.53298000000001,28500
departamento,las condes,139.0,30.0,3.0,2.0,-33.3913,-70.4987,21969
departamento,vitacura,175.0,175.0,4.0,3.0,-33.3932,-70.5885,20983
casa,las condes,365.0,595.0,5.0,4.0,-33.421170000000004,-70.50105,39500
casa,vitacura,690.0,5500.0,5.0,5.0,-33.3696,-70.5547,55900
departamento,las condes,182.0,216.0,3.0,2.0,-33.4109,-70.5046,18500
departamento,las condes,298.0,358.0,4.0,3.0,-33.3822,-70.501,28500
departamento,nunoa,95.0,100.0,2.0,2.0,-33.4641,-70.6228,3807
departamento,las condes,56.0,71.0,2.0,2.0,-33.4156,-70.5296,4145
departamento,la reina,127.0,141.0,4.0,3.0,-33.45,-70.55,10900
departamento,las condes,205.0,237.0,3.0,4.0,-33.3785,-70.4939,22995
departamento,las condes,84.0,96.0,2.0,2.0,-33.3949,-70.5608,10250
departamento,las condes,350.0,350.0,3.0,3.0,-33.3951,-70.5009,33000
casa,las condes,105.0,156.0,3.0,2.0,-33.4104,-70.6016,20320
departamento,vitacura,382.0,382.0,3.0,3.0,-33.4186,-70.6055,32000
casa,lo barnechea,460.0,1030.0,4.0,5.0,-33.32472,-70.54695,112
departamento,las condes,160.0,260.0,4.0,4.0,-33.4068,-70.58724000000002,18300
departamento,providencia,52.0,52.0,2.0,2.0,-33.422670000000004,-70.60370999999998,3100
casa,lo barnechea,280.0,806.0,6.0,6.0,-33.33849,-70.55637,24500
departamento,vitacura,280.0,310.0,3.0,3.0,-33.368179999999995,-70.57273,36000
departamento,las condes,223.0,373.0,4.0,4.0,-33.389540000000004,-70.52758,31000
departamento,las condes,280.0,280.0,4.0,3.0,-33.40002,-70.57952,18900
departamento,las condes,168.0,208.0,3.0,2.0,-33.4122,-70.5042,16850
casa,lo barnechea,210.0,937.0,3.0,3.0,-33.3464,-70.539,24500
departamento,las condes,345.0,372.0,4.0,3.0,-33.376,-70.5158,20000
departamento,lo barnechea,235.0,312.3,3.0,3.0,-33.3375,-70.49869,29503
departamento,las condes,294.0,294.0,4.0,3.0,-33.421170000000004,-70.50105,19500
casa,lo barnechea,400.0,400.0,6.0,6.0,-33.3456,-70.5109,55000
departamento,las condes,335.0,380.0,4.0,3.0,-33.3802,-70.5228,29000
departamento,las condes,244.0,342.0,3.0,3.0,-33.38075,-70.50832,33000
departamento,nunoa,95.95,133.95,3.0,2.0,-33.45175,-70.59654,10000
departamento,las condes,150.0,232.0,4.0,4.0,-33.3719,-70.5147,21500
departamento,las condes,377.0,535.0,4.0,3.0,-33.421170000000004,-70.50105,55700
departamento,las condes,139.12,339.12,3.0,3.0,-33.39225,-70.4967,21969
departamento,las condes,300.0,360.0,3.0,3.0,-33.3816,-70.505,27500
departamento,las condes,294.0,366.0,4.0,3.0,-33.4179,-70.5073,19800
casa,la reina,360.0,1310.0,5.0,4.0,-33.4447,-70.5236,23490
casa,providencia,130.0,150.0,3.0,3.0,-33.423359999999995,-70.60083,22000
casa,lo barnechea,600.0,1644.0,6.0,6.0,-33.33863,-70.56025,65000
casa,las condes,350.0,680.0,6.0,5.0,-33.41444,-70.58017,32000
departamento,las condes,198.0,210.0,3.0,2.0,-33.3802,-70.524,17700
departamento,vitacura,233.0,233.0,4.0,4.0,-33.37763,-70.56219,25000
departamento,nunoa,40.0,42.0,1.0,1.0,-33.45783,-70.59872,4945
casa,las condes,216.0,638.0,6.0,4.0,-33.40232,-70.54534,29000
departamento,las condes,370.0,434.0,4.0,3.0,-33.4202,-70.5771,28500
departamento,vitacura,143.0,228.0,3.0,2.0,-33.3905,-70.5687,20575
departamento,nunoa,77.0,94.0,3.0,2.0,-33.45081,-70.6023,7950
departamento,las condes,195.41,221.39,3.0,3.0,-33.41359,-70.58912,22000
departamento,las condes,300.0,330.0,3.0,3.0,-33.4107,-70.6004,33850
departamento,las condes,42.0,42.0,1.0,1.0,-33.42142,-70.57945,1118
casa,las condes,260.0,946.0,5.0,4.0,-33.39454,-70.52439,29800
departamento,las condes,287.0,330.0,3.0,3.0,-33.38478,-70.51941,24900
departamento,las condes,350.0,350.0,3.0,3.0,-33.3901,-70.4959,33000
departamento,lo barnechea,279.0,354.0,3.0,3.0,-33.3473,-70.5139,33822
departamento,vitacura,940.0,940.0,3.0,3.0,-33.37937,-70.57288,60000
departamento,nunoa,56.0,56.0,3.0,2.0,-33.467,-70.6279,2759
departamento,las condes,413.0,449.0,4.0,3.0,-33.3829,-70.5242,39500
departamento,las condes,300.0,300.0,4.0,5.0,-33.38092,-70.51266,40000
casa,nunoa,132.0,400.0,4.0,3.0,-33.44914,-70.57554,12696
casa,providencia,300.0,430.0,5.0,4.0,-33.446290000000005,-70.61388000000002,17000
departamento,vitacura,162.0,351.0,2.0,2.0,-33.39307,-70.59375,38250
casa,vitacura,370.0,5000.0,4.0,5.0,-33.37491,-70.5608,120000
casa,lo barnechea,443.0,1248.0,5.0,5.0,-33.3213,-70.5436,47000
departamento,providencia,67.0,72.0,3.0,1.0,-33.43949,-70.61336999999997,4898
departamento,las condes,245.0,343.0,4.0,5.0,-33.38689,-70.53017,33000
casa,lo barnechea,300.0,1800.0,4.0,5.0,-33.36203,-70.48675,35000
casa,providencia,140.0,430.0,4.0,3.0,-33.4398,-70.6222,16330
departamento,las condes,355.0,405.0,4.0,3.0,-33.4173,-70.5919,25000
departamento,lo barnechea,411.0,689.0,4.0,4.0,-33.36133,-70.54177,39000
departamento,lo barnechea,291.0,291.0,3.0,3.0,-33.3317,-70.5526,26284
departamento,las condes,225.0,225.0,4.0,3.0,-33.3734,-70.5252,21990
departamento,las condes,190.0,350.0,3.0,4.0,-33.41808,-70.51839,23400
departamento,providencia,163.0,263.0,3.0,3.0,-33.4314,-70.6093,18500
departamento,las condes,140.0,253.0,3.0,4.0,-33.4067,-70.5456,22400
casa,vitacura,276.0,830.0,4.0,3.0,-33.3884,-70.579,32000
departamento,las condes,297.0,357.0,4.0,3.0,-33.4142,-70.5915,33000
departamento,las condes,180.0,210.0,4.0,4.0,-33.384609999999995,-70.5204,19400
casa,providencia,180.0,315.0,5.0,3.0,-33.4192,-70.61561999999998,19500
departamento,vitacura,506.0,548.0,3.0,3.0,-33.3698,-70.5439,38000
departamento,las condes,352.0,352.0,4.0,3.0,-33.4172,-70.5877,21900
departamento,vitacura,300.0,350.0,3.0,3.0,-33.40679,-70.60087,27000
casa,nunoa,199.0,380.0,5.0,4.0,-33.44806,-70.6071,21000
departamento,vitacura,104.0,182.0,2.0,2.0,-33.3905,-70.5687,16734
casa,las condes,100.0,390.0,4.0,3.0,-33.40899,-70.55136,23664
departamento,las condes,139.0,339.0,3.0,3.0,-33.3913,-70.4988,21969
departamento,las condes,225.0,385.0,3.0,3.0,-33.421170000000004,-70.50105,31000
departamento,vitacura,250.0,280.0,2.0,3.0,-33.37299,-70.54881999999998,16500
casa,las condes,200.0,886.0,3.0,4.0,-33.39877,-70.54419,26500
departamento,las condes,88.0,88.0,2.0,2.0,-33.4139,-70.5906,10800
departamento,las condes,267.0,267.0,4.0,3.0,-33.3971,-70.51926,22900
departamento,vitacura,113.0,270.0,2.0,2.0,-33.3927,-70.5592,17990
departamento,providencia,89.71,124.73,3.0,2.0,-33.434909999999995,-70.58646999999998,11365
departamento,las condes,343.0,410.0,3.0,3.0,-33.3763,-70.5012,46984
departamento,providencia,180.0,207.0,5.0,4.0,-33.43132,-70.60601,14950
departamento,las condes,289.0,468.0,4.0,3.0,-33.421170000000004,-70.50105,43000
departamento,vitacura,101.0,168.0,2.0,2.0,-33.3976,-70.5881,18500
departamento,nunoa,80.0,80.0,3.0,2.0,-33.453720000000004,-70.60995,3360
casa,la reina,320.0,1270.0,5.0,4.0,-33.43962,-70.56151,39000
departamento,las condes,226.0,386.0,3.0,3.0,-33.3897,-70.5271,31000
departamento,providencia,100.0,120.0,2.0,2.0,-33.43503,-70.59565,12500
departamento,providencia,89.0,126.0,3.0,2.0,-33.4397,-70.589,12213
departamento,vitacura,360.0,420.0,4.0,4.0,-33.3718,-70.5786,42000
departamento,las condes,413.0,413.0,4.0,3.0,-33.3845,-70.5266,39500
departamento,las condes,200.0,230.0,3.0,2.0,-33.414,-70.5991,21780
departamento,las condes,46.0,59.0,1.0,1.0,-33.4058,-70.5674,7372
departamento,vitacura,230.0,230.0,4.0,4.0,-33.39682,-70.59926999999998,27000
departamento,vitacura,239.0,281.0,4.0,4.0,-33.3738,-70.5421,27000
departamento,vitacura,100.0,100.0,3.0,2.0,-33.39741,-70.58393000000001,15000
departamento,vitacura,100.0,120.0,1.0,2.0,-33.389,-70.589,15000
casa,vitacura,100.0,520.0,4.0,2.0,-33.3947,-70.5685,22200
departamento,nunoa,100.0,100.0,3.0,2.0,-33.456520000000005,-70.61155,9000
departamento,vitacura,304.0,440.0,3.0,3.0,-33.3722,-70.5502,33000
casa,nunoa,94.0,97.0,4.0,3.0,-33.4676,-70.6243,4052
casa,las condes,280.0,1000.0,6.0,5.0,-33.379,-70.5149,31900
departamento,las condes,79.0,94.0,2.0,2.0,-33.41778,-70.57326,10200
departamento,vitacura,140.0,410.0,4.0,3.0,-33.39651,-70.58646,17900
departamento,vitacura,260.0,300.0,3.0,3.0,-33.37937,-70.57288,30000
casa,las condes,310.0,198.0,4.0,3.0,-33.4172,-70.5997,50000
departamento,las condes,140.0,240.0,3.0,3.0,-33.421170000000004,-70.50105,26000
departamento,las condes,303.0,379.0,3.0,3.0,-33.38197,-70.52539,38500
departamento,lo barnechea,140.0,140.0,3.0,2.0,-33.3633,-70.5107,19500
departamento,las condes,350.0,350.0,3.0,3.0,-33.4154,-70.5183,23400
departamento,nunoa,35.0,36.0,1.0,1.0,-33.45322,-70.6304,1880
departamento,la reina,65.0,68.0,2.0,2.0,-33.44717,-70.53668,3352
departamento,providencia,135.0,344.0,4.0,3.0,-33.4393,-70.5893,20908
departamento,las condes,298.0,358.0,3.0,3.0,-33.3789,-70.4989,26900
departamento,las condes,300.0,350.0,3.0,3.0,-33.39051,-70.52524,29800
casa,las condes,488.0,2421.0,5.0,5.0,-33.38973,-70.51997,58000
departamento,las condes,300.0,360.0,3.0,3.0,-33.421170000000004,-70.50105,27500
casa,nunoa,98.0,200.0,3.0,3.0,-33.4577,-70.5727,5913
departamento,las condes,367.0,474.0,3.0,3.0,-33.38478,-70.51941,49500
departamento,nunoa,88.0,103.0,3.0,2.0,-33.4518,-70.5722,8100
departamento,lo barnechea,200.0,200.0,3.0,2.0,-33.3618,-70.5138,13500
departamento,las condes,70.0,83.0,2.0,2.0,-33.4127,-70.5883,10500
casa,las condes,322.0,720.0,5.0,3.0,-33.4038,-70.5218,35500
casa,las condes,366.0,1283.0,3.0,3.0,-33.4197,-70.5876,80000
departamento,vitacura,140.0,146.0,4.0,3.0,-33.38456,-70.53715,6000
departamento,las condes,226.0,373.0,4.0,4.0,-33.3823,-70.5213,31000
departamento,vitacura,300.0,350.0,3.0,3.0,-33.4068,-70.6004,26500
casa,lo barnechea,260.0,850.0,4.0,3.0,-33.3208,-70.5488,30000
casa,vitacura,339.0,1524.0,6.0,5.0,-33.386540000000004,-70.54479,45000
departamento,las condes,250.0,290.0,3.0,3.0,-33.3814,-70.5718,30000
departamento,vitacura,126.0,183.0,3.0,2.0,-33.4039,-70.5922,14886
departamento,las condes,75.0,96.0,2.0,2.0,-33.4058,-70.5674,10472
departamento,la reina,73.0,87.0,3.0,2.0,-33.44523,-70.57074,6800
departamento,las condes,449.0,449.0,3.0,3.0,-33.3834,-70.5178,49500
departamento,las condes,334.0,664.68,4.0,4.0,-33.37625,-70.50113,55557
departamento,las condes,74.0,92.0,2.0,2.0,-33.421170000000004,-70.50105,11000
